{"cameraMode":{"drawMode":0,"name":"Shaded","section":"Shading Mode"},"sceneLighting":true,"audioPlay":false,"sceneViewState":{"showFog":true,"showMaterialUpdate":false,"showSkybox":true,"showFlares":true,"showImageEffects":true,"showParticleSystems":true},"in2DMode":false,"pivot":{"x":-40.65789031982422,"y":-1.3890204429626465,"z":-8.774599075317383},"rotation":{"x":0.01655353046953678,"y":-0.7669699192047119,"z":0.01980098895728588,"w":0.6411638259887695},"size":55.401756286621097,"orthographic":false}